{"cameraMode":{"drawMode":0,"name":"Shaded","section":"Shading Mode"},"sceneLighting":true,"audioPlay":false,"sceneViewState":{"m_AlwaysRefresh":false,"showFog":true,"showSkybox":true,"showFlares":true,"showImageEffects":true,"showParticleSystems":true,"showVisualEffectGraphs":true,"m_FxEnabled":true},"in2DMode":false,"pivot":{"x":-1.2172609567642213,"y":-15.390076637268067,"z":8.605186462402344},"rotation":{"x":-0.5730012655258179,"y":0.009585856460034848,"z":-0.006703078281134367,"w":-0.8194736242294312},"size":31.34318733215332,"orthographic":false}