{"cameraMode":{"drawMode":0,"name":"Shaded","section":"Shading Mode"},"sceneLighting":false,"audioPlay":false,"sceneViewState":{"m_AlwaysRefresh":false,"showFog":true,"showSkybox":false,"showFlares":true,"showImageEffects":true,"showParticleSystems":true,"showVisualEffectGraphs":true,"m_FxEnabled":true},"in2DMode":false,"pivot":{"x":-2.3829782009124758,"y":-5.896641254425049,"z":22.370943069458009},"rotation":{"x":0.23367133736610413,"y":0.3649848997592926,"z":-0.09505924582481384,"w":0.8962334990501404},"size":11.333574295043946,"orthographic":false}