{"cameraMode":{"drawMode":0,"name":"Shaded","section":"Shading Mode"},"sceneLighting":true,"audioPlay":false,"sceneViewState":{"m_AlwaysRefresh":false,"showFog":true,"showSkybox":true,"showFlares":true,"showImageEffects":true,"showParticleSystems":true,"showVisualEffectGraphs":true,"m_FxEnabled":true},"in2DMode":false,"pivot":{"x":3.2349109649658205,"y":-31.173809051513673,"z":21.612567901611329},"rotation":{"x":-0.48023831844329836,"y":0.015521159395575524,"z":-0.008499589748680592,"w":-0.8769639134407044},"size":44.21322250366211,"orthographic":false}