{"cameraMode":{"drawMode":0,"name":"Shaded","section":"Shading Mode"},"sceneLighting":true,"audioPlay":false,"sceneViewState":{"m_AlwaysRefresh":false,"showFog":true,"showSkybox":true,"showFlares":true,"showImageEffects":true,"showParticleSystems":true,"showVisualEffectGraphs":true,"m_FxEnabled":true},"in2DMode":false,"pivot":{"x":-0.29969534277915957,"y":0.2187158614397049,"z":5.169268608093262},"rotation":{"x":-0.3295864164829254,"y":-0.23581628501415254,"z":0.08538904041051865,"w":-0.9102209210395813},"size":0.8470886945724487,"orthographic":false}