{"cameraMode":{"drawMode":0,"name":"Shaded","section":"Shading Mode"},"sceneLighting":true,"audioPlay":false,"sceneViewState":{"m_AlwaysRefresh":false,"showFog":true,"showSkybox":true,"showFlares":true,"showImageEffects":true,"showParticleSystems":true,"showVisualEffectGraphs":true,"m_FxEnabled":true},"in2DMode":false,"pivot":{"x":4.353684902191162,"y":-0.14498715102672578,"z":11.639887809753418},"rotation":{"x":0.6498932838439941,"y":0.0021117068827152254,"z":-0.0017019460210576654,"w":0.760076105594635},"size":27.13361930847168,"orthographic":false}