{"cameraMode":{"drawMode":0,"name":"Shaded","section":"Shading Mode"},"sceneLighting":false,"audioPlay":false,"sceneViewState":{"m_AlwaysRefresh":false,"showFog":true,"showSkybox":false,"showFlares":true,"showImageEffects":true,"showParticleSystems":true,"showVisualEffectGraphs":true,"m_FxEnabled":true},"in2DMode":false,"pivot":{"x":-2.3707776069641115,"y":1.4377031326293946,"z":15.055201530456543},"rotation":{"x":0.10983303934335709,"y":-0.12931318581104279,"z":0.01451458316296339,"w":0.9854415655136108},"size":3.8530938625335695,"orthographic":false}